{
    "accuracy": 0.9700272479564033,
    "precision": 1.0,
    "recall": 0.7884615384615384,
    "auc": 0.9825193325193325
}